<?xml version="1.0" encoding="UTF-8"?>
<project-private xmlns="http://www.netbeans.org/ns/project-private/1">
    <editor-bookmarks xmlns="http://www.netbeans.org/ns/editor-bookmarks/2" lastBookmarkId="0"/>
    <open-files xmlns="http://www.netbeans.org/ns/projectui-open-files/2">
        <group>
            <file>file:/F:/Gui%20and%20server/NetBeansProjects/ServerApp/src/za/ac/tut/bi/StudentManager.java</file>
            <file>file:/F:/Gui%20and%20server/NetBeansProjects/ServerApp/src/za/ac/tut/bi/StudentThread.java</file>
            <file>file:/F:/Gui%20and%20server/NetBeansProjects/ServerApp/src/za/ac/tut/entity/StudentDetails.java</file>
            <file>file:/F:/Gui%20and%20server/NetBeansProjects/ServerApp/src/serverapp/ServerApp.java</file>
        </group>
    </open-files>
</project-private>
